order_id,customer_id,product,amount,order_date,status,order_year_month
1.0,103.0,Product_19,502.19,2025-11-12,completed,2025-11
2.0,119.0,Product_47,572.12,2025-01-07,completed,2025-01
3.0,142.0,Product_62,521.0,2025-04-16,pending,2025-04
,322.0,Product_18,431.81,2024-04-11,completed,2024-04
5.0,345.0,Product_1,420.87,2024-04-13,completed,2024-04
6.0,313.0,Product_46,588.66,2025-07-31,cancelled,2025-07
7.0,274.0,Product_13,482.28999999999996,2025-08-13,completed,2025-08
8.0,164.0,Product_11,200.29,2025-07-23,cancelled,2025-07
9.0,161.0,Product_8,249.1,2024-10-12,cancelled,2024-10
10.0,58.0,Product_45,94.8,2024-11-21,completed,2024-11
11.0,541.0,Product_30,346.12,2024-05-12,refunded,2024-05
12.0,414.0,Product_47,903.63,2025-09-17,refunded,2025-09
13.0,296.0,Product_37,440.39,2024-05-01,refunded,2024-05
14.0,462.0,Product_25,506.94,2024-08-25,refunded,2024-08
15.0,410.0,Product_34,801.07,2024-05-03,completed,2024-05
16.0,181.0,Product_64,283.89,2024-12-06,cancelled,2024-12
17.0,192.0,Product_24,284.78,2025-01-31,completed,2025-01
18.0,81.0,Product_70,32.7,2025-07-26,completed,2025-07
,432.0,Product_42,978.87,2025-07-22,completed,2025-07
20.0,78.0,Product_34,407.2,2025-10-13,refunded,2025-10
21.0,189.0,Product_11,876.3,2025-02-16,pending,2025-02
22.0,95.0,Product_28,657.29,2024-08-05,completed,2024-08
23.0,382.0,Product_10,522.6,2026-02-03,completed,2026-02
24.0,61.0,Product_11,556.09,2025-07-18,cancelled,2025-07
25.0,93.0,Product_25,511.35,2025-11-23,completed,2025-11
26.0,133.0,Product_13,877.53,2025-03-08,refunded,2025-03
27.0,486.0,Product_70,777.62,2024-04-04,completed,2024-04
28.0,176.0,Product_40,966.27,2024-05-08,completed,2024-05
29.0,373.0,Product_57,645.12,2024-06-08,completed,2024-06
30.0,511.0,Product_64,347.99,2025-07-30,completed,2025-07
31.0,446.0,Product_46,158.22,2025-04-22,cancelled,2025-04
32.0,37.0,Product_43,775.23,2024-09-17,completed,2024-09
33.0,270.0,Product_33,366.32,2025-12-26,pending,2025-12
34.0,134.0,Product_18,459.61,2024-12-11,refunded,2024-12
35.0,440.0,Product_13,526.29,2024-03-15,pending,2024-03
36.0,501.0,Product_60,538.92,2026-01-27,cancelled,2026-01
37.0,105.0,Product_58,984.64,2024-05-05,completed,2024-05
38.0,210.0,Product_53,780.92,2025-06-27,refunded,2025-06
39.0,35.0,Product_5,854.61,2025-08-31,cancelled,2025-08
40.0,136.0,Product_67,412.4,2024-12-09,pending,2024-12
41.0,20.0,Product_26,497.56499999999994,2025-06-21,completed,2025-06
42.0,385.0,Product_50,505.41,2025-06-25,cancelled,2025-06
43.0,240.0,Product_1,166.65,2026-02-12,refunded,2026-02
,523.0,Product_45,704.01,2024-11-14,cancelled,2024-11
,546.0,Product_16,832.86,2026-02-27,refunded,2026-02
46.0,211.0,Product_65,666.18,2025-07-15,cancelled,2025-07
47.0,374.0,Product_60,33.84,2025-06-26,pending,2025-06
48.0,40.0,Product_7,225.64,2026-03-01,pending,2026-03
49.0,515.0,Product_64,432.41,2025-04-22,refunded,2025-04
50.0,160.0,Product_69,354.18,2026-01-22,refunded,2026-01
51.0,149.0,Product_46,388.97,2024-06-23,refunded,2024-06
52.0,,Product_53,871.51,2024-03-03,completed,2024-03
53.0,432.0,Product_70,541.47,2024-05-18,refunded,2024-05
54.0,,Product_16,454.31,2025-05-10,completed,2025-05
55.0,312.0,Product_44,267.12,2024-08-29,refunded,2024-08
56.0,473.0,Product_8,665.41,2025-02-02,pending,2025-02
57.0,443.0,Product_47,548.48,2025-02-05,completed,2025-02
58.0,318.0,Product_50,592.22,2025-06-09,completed,2025-06
59.0,545.0,Product_23,116.25,2024-04-17,cancelled,2024-04
60.0,265.0,Product_2,173.15,2024-12-16,completed,2024-12
61.0,133.0,Product_34,525.58,2025-06-30,cancelled,2025-06
62.0,523.0,Product_1,420.87,2025-12-07,pending,2025-12
63.0,542.0,Product_62,76.52,2025-06-19,completed,2025-06
64.0,531.0,Product_18,727.4,2025-01-07,cancelled,2025-01
65.0,,Product_14,957.19,2025-12-05,cancelled,2025-12
66.0,82.0,Product_62,789.96,2025-07-02,completed,2025-07
67.0,504.0,Product_55,931.86,2024-07-30,refunded,2024-07
68.0,459.0,Product_10,641.56,2025-09-08,cancelled,2025-09
69.0,250.0,Product_18,768.15,2024-06-20,refunded,2024-06
70.0,149.0,Product_56,712.48,2024-11-25,completed,2024-11
71.0,524.0,Product_4,707.42,2026-01-27,pending,2026-01
72.0,,Product_60,918.82,2025-03-08,cancelled,2025-03
73.0,46.0,Product_13,162.54,2026-01-07,pending,2026-01
74.0,354.0,Product_47,270.06,2024-03-15,completed,2024-03
75.0,529.0,Product_34,322.17,2024-07-30,refunded,2024-07
76.0,,Product_2,415.07,2025-01-17,refunded,2025-01
77.0,414.0,Product_14,71.84,2024-08-01,refunded,2024-08
78.0,252.0,Product_57,927.63,2025-01-20,completed,2025-01
79.0,2.0,Product_13,312.29,2024-09-25,cancelled,2024-09
80.0,373.0,Product_41,378.14,2026-02-04,pending,2026-02
81.0,323.0,Product_69,453.99,2025-06-22,refunded,2025-06
82.0,220.0,Product_59,84.21,2024-11-16,cancelled,2024-11
83.0,295.0,Product_4,203.52,2024-04-22,completed,2024-04
84.0,514.0,Product_19,457.48,2024-07-20,completed,2024-07
,141.0,Product_45,217.27,2025-02-21,completed,2025-02
86.0,398.0,Product_14,247.84,2024-03-12,completed,2024-03
87.0,369.0,Product_9,144.86,2025-12-21,cancelled,2025-12
88.0,474.0,Product_58,748.4,2024-07-02,pending,2024-07
,90.0,Product_3,841.18,2024-06-03,pending,2024-06
90.0,265.0,Product_41,378.14,2025-12-04,completed,2025-12
91.0,369.0,Product_17,162.4,2024-04-27,cancelled,2024-04
92.0,459.0,Product_28,989.45,2024-09-13,pending,2024-09
93.0,36.0,Product_42,276.29,2024-03-03,refunded,2024-03
94.0,111.0,Product_54,849.73,2025-03-13,pending,2025-03
95.0,297.0,Product_6,880.21,2026-02-12,completed,2026-02
96.0,504.0,Product_67,317.14,2025-01-31,refunded,2025-01
97.0,7.0,Product_23,224.17,2025-03-25,refunded,2025-03
98.0,58.0,Product_27,705.94,2025-04-13,completed,2025-04
99.0,13.0,Product_53,713.99,2025-08-26,completed,2025-08
100.0,335.0,Product_51,840.83,2024-05-07,completed,2024-05
101.0,17.0,Product_21,687.44,2024-11-18,pending,2024-11
102.0,41.0,Product_30,175.75,2025-06-08,completed,2025-06
103.0,193.0,Product_31,495.12,2026-01-09,completed,2026-01
104.0,38.0,Product_11,556.09,2025-08-03,refunded,2025-08
105.0,67.0,Product_1,30.45,2024-10-29,completed,2024-10
106.0,73.0,Product_28,840.07,2024-08-26,completed,2024-08
107.0,18.0,Product_47,528.77,2025-10-31,cancelled,2025-10
108.0,124.0,Product_54,835.87,2025-11-05,completed,2025-11
109.0,295.0,Product_19,834.13,2024-11-01,pending,2024-11
110.0,138.0,Product_13,823.56,2025-05-13,completed,2025-05
111.0,437.0,Product_37,566.61,2025-03-22,completed,2025-03
112.0,48.0,Product_15,148.6,2025-10-07,cancelled,2025-10
113.0,,Product_5,408.87,2025-09-03,completed,2025-09
114.0,98.0,Product_44,949.3,2026-01-15,completed,2026-01
115.0,502.0,Product_45,547.11,2025-08-21,cancelled,2025-08
116.0,406.0,Product_7,590.84,2025-08-03,completed,2025-08
117.0,449.0,Product_33,785.59,2024-07-20,cancelled,2024-07
118.0,263.0,Product_9,59.49,2024-10-30,completed,2024-10
119.0,371.0,Product_65,605.22,2024-10-10,completed,2024-10
120.0,29.0,Product_17,898.46,2024-07-30,pending,2024-07
121.0,99.0,Product_55,536.33,2025-08-02,pending,2025-08
122.0,345.0,Product_48,497.26,2025-12-12,refunded,2025-12
123.0,,Product_58,684.06,2024-04-18,completed,2024-04
124.0,176.0,Product_14,821.7,2024-12-10,completed,2024-12
125.0,138.0,Product_26,12.53,2024-05-11,completed,2024-05
126.0,473.0,Product_45,734.52,2025-11-21,completed,2025-11
127.0,,Product_45,890.84,2025-04-04,completed,2025-04
,355.0,Product_17,577.6,2025-07-21,completed,2025-07
129.0,49.0,Product_52,965.22,2025-06-28,refunded,2025-06
130.0,301.0,Product_70,855.6,2024-03-14,completed,2024-03
131.0,319.0,Product_27,572.47,2025-04-23,completed,2025-04
132.0,473.0,Product_25,251.74,2025-12-31,completed,2025-12
133.0,549.0,Product_68,415.18,2024-08-11,refunded,2024-08
134.0,346.0,Product_61,696.115,2025-07-27,completed,2025-07
135.0,264.0,Product_17,318.2,2024-03-06,completed,2024-03
136.0,498.0,Product_13,482.33,2024-07-08,refunded,2024-07
137.0,294.0,Product_36,567.23,2025-02-24,completed,2025-02
138.0,436.0,Product_18,348.2,2025-10-05,refunded,2025-10
139.0,70.0,Product_7,513.09,2024-05-01,cancelled,2024-05
140.0,325.0,Product_14,575.4,2024-11-18,cancelled,2024-11
141.0,,Product_37,779.48,2024-11-14,completed,2024-11
142.0,317.0,Product_41,100.53,2025-05-06,pending,2025-05
143.0,511.0,Product_11,846.31,2024-09-24,cancelled,2024-09
144.0,220.0,Product_29,420.62,2025-02-13,completed,2025-02
145.0,458.0,Product_38,894.25,2024-06-28,cancelled,2024-06
146.0,533.0,Product_15,80.51,2025-01-29,cancelled,2025-01
147.0,27.0,Product_51,34.91,2025-01-04,refunded,2025-01
148.0,98.0,Product_38,427.49,2025-10-16,cancelled,2025-10
149.0,170.0,Product_30,650.49,2024-10-24,completed,2024-10
150.0,139.0,Product_26,574.92,2024-03-17,cancelled,2024-03
151.0,207.0,Product_49,543.59,2025-11-26,cancelled,2025-11
152.0,145.0,Product_33,729.76,2024-05-19,cancelled,2024-05
153.0,53.0,Product_45,361.64,2024-04-12,completed,2024-04
154.0,271.0,Product_28,384.67,2025-04-29,pending,2025-04
155.0,240.0,Product_32,437.3,2025-10-03,cancelled,2025-10
156.0,428.0,Product_58,553.81,2024-10-08,completed,2024-10
157.0,127.0,Product_67,581.15,2025-07-01,completed,2025-07
158.0,199.0,Product_60,44.23,2024-06-04,pending,2024-06
159.0,325.0,Product_22,643.23,2025-10-02,cancelled,2025-10
160.0,191.0,Product_60,174.87,2024-07-08,refunded,2024-07
161.0,281.0,Product_2,415.07,2025-01-02,completed,2025-01
162.0,500.0,Product_70,262.64,2024-12-25,cancelled,2024-12
163.0,31.0,Product_42,959.91,2025-07-15,completed,2025-07
164.0,74.0,Product_60,682.63,2025-01-25,completed,2025-01
165.0,361.0,Product_64,857.73,2026-01-16,refunded,2026-01
166.0,333.0,Product_7,562.29,2024-12-11,pending,2024-12
167.0,523.0,Product_47,495.57,2025-05-29,completed,2025-05
168.0,349.0,Product_20,633.11,2025-07-07,pending,2025-07
169.0,278.0,Product_36,752.33,2025-12-12,refunded,2025-12
170.0,254.0,Product_70,43.32,2025-06-02,completed,2025-06
171.0,88.0,Product_11,942.8,2025-12-20,completed,2025-12
172.0,375.0,Product_11,301.29,2024-08-05,completed,2024-08
173.0,302.0,Product_57,105.89,2024-07-01,completed,2024-07
174.0,393.0,Product_6,159.59,2025-10-27,cancelled,2025-10
175.0,79.0,Product_3,466.41499999999996,2024-08-31,refunded,2024-08
176.0,436.0,Product_8,648.69,2024-05-25,pending,2024-05
177.0,57.0,Product_39,467.84,2024-10-15,completed,2024-10
178.0,380.0,Product_2,678.87,2025-09-23,completed,2025-09
179.0,57.0,Product_30,333.1,2024-12-07,completed,2024-12
180.0,8.0,Product_57,33.6,2024-11-17,completed,2024-11
181.0,376.0,Product_52,835.01,2025-01-21,completed,2025-01
182.0,245.0,Product_22,598.97,2024-07-26,pending,2024-07
183.0,166.0,Product_36,643.115,2026-02-27,completed,2026-02
184.0,94.0,Product_57,962.77,2025-03-03,pending,2025-03
185.0,426.0,Product_44,355.54,2024-12-24,refunded,2024-12
186.0,490.0,Product_41,931.62,2024-08-04,completed,2024-08
187.0,66.0,Product_47,140.16,2024-04-28,completed,2024-04
188.0,,Product_43,968.21,2024-04-27,completed,2024-04
189.0,206.0,Product_15,554.51,2024-06-16,refunded,2024-06
190.0,236.0,Product_55,309.43,2025-08-15,completed,2025-08
191.0,177.0,Product_10,290.44,2024-08-02,pending,2024-08
192.0,259.0,Product_34,470.16,2025-04-06,completed,2025-04
193.0,338.0,Product_5,912.15,2024-07-05,completed,2024-07
194.0,259.0,Product_61,626.57,2024-11-08,refunded,2024-11
,16.0,Product_14,411.11,2024-07-13,completed,2024-07
196.0,467.0,Product_25,527.15,2025-04-02,refunded,2025-04
197.0,404.0,Product_44,78.38,2024-11-07,completed,2024-11
198.0,88.0,Product_43,271.91,2025-10-06,completed,2025-10
199.0,59.0,Product_21,627.08,2024-10-09,refunded,2024-10
200.0,86.0,Product_55,896.29,2024-10-07,refunded,2024-10
201.0,204.0,Product_12,16.21,2025-02-09,pending,2025-02
202.0,92.0,Product_65,50.04,2025-12-23,refunded,2025-12
203.0,140.0,Product_20,370.26,2024-06-11,pending,2024-06
204.0,393.0,Product_2,190.2,2025-04-29,pending,2025-04
205.0,41.0,Product_23,757.81,2025-03-28,refunded,2025-03
,222.0,Product_1,242.53,2024-03-02,completed,2024-03
207.0,122.0,Product_14,591.65,2025-01-24,cancelled,2025-01
208.0,206.0,Product_54,336.59,2025-01-14,completed,2025-01
209.0,412.0,Product_20,482.49,2025-10-28,completed,2025-10
210.0,319.0,Product_66,339.245,2024-10-10,refunded,2024-10
211.0,149.0,Product_5,299.07,2025-07-16,pending,2025-07
212.0,208.0,Product_11,132.39,2024-11-23,completed,2024-11
213.0,360.0,Product_38,72.35,2024-11-25,completed,2024-11
214.0,130.0,Product_8,85.56,2024-03-31,completed,2024-03
215.0,235.0,Product_39,468.46,2024-12-05,pending,2024-12
216.0,14.0,Product_35,596.66,2024-09-01,completed,2024-09
217.0,315.0,Product_13,367.8,2026-01-04,completed,2026-01
218.0,280.0,Product_12,279.47,2026-02-18,cancelled,2026-02
219.0,345.0,Product_10,78.26,2024-11-26,completed,2024-11
220.0,212.0,Product_29,40.45,2025-10-04,pending,2025-10
,33.0,Product_16,973.77,2025-06-18,completed,2025-06
222.0,434.0,Product_67,215.82,2024-12-20,cancelled,2024-12
223.0,396.0,Product_28,53.54,2025-05-10,refunded,2025-05
224.0,,Product_8,941.82,2024-06-16,pending,2024-06
225.0,216.0,Product_46,593.83,2024-08-01,completed,2024-08
226.0,447.0,Product_59,502.595,2025-08-30,completed,2025-08
227.0,530.0,Product_54,161.16,2024-11-14,completed,2024-11
228.0,,Product_3,398.47,2025-08-17,completed,2025-08
229.0,194.0,Product_33,876.91,2025-05-31,completed,2025-05
230.0,21.0,Product_44,381.56,2024-06-04,cancelled,2024-06
231.0,308.0,Product_59,990.15,2024-04-02,refunded,2024-04
232.0,502.0,Product_25,482.76,2025-08-07,pending,2025-08
233.0,1.0,Product_7,962.27,2025-10-02,completed,2025-10
234.0,116.0,Product_58,553.81,2026-02-21,pending,2026-02
235.0,336.0,Product_20,370.26,2025-07-01,refunded,2025-07
236.0,184.0,Product_20,248.2,2025-07-16,completed,2025-07
237.0,296.0,Product_45,880.07,2025-09-18,cancelled,2025-09
238.0,265.0,Product_55,256.04,2024-05-31,completed,2024-05
239.0,123.0,Product_34,512.01,2025-05-03,refunded,2025-05
240.0,113.0,Product_35,469.78,2025-11-11,pending,2025-11
241.0,396.0,Product_62,673.12,2024-07-10,pending,2024-07
242.0,445.0,Product_7,491.05,2025-10-01,completed,2025-10
243.0,324.0,Product_13,980.12,2025-05-26,completed,2025-05
244.0,197.0,Product_41,789.86,2025-02-03,pending,2025-02
245.0,219.0,Product_58,837.61,2025-05-27,completed,2025-05
246.0,155.0,Product_2,336.07,2026-01-15,completed,2026-01
247.0,84.0,Product_60,582.64,2025-07-21,refunded,2025-07
248.0,175.0,Product_45,88.83,2025-01-11,completed,2025-01
249.0,517.0,Product_15,994.09,2024-10-27,completed,2024-10
250.0,532.0,Product_4,404.25,2026-01-04,completed,2026-01
,499.0,Product_65,279.15,2024-05-07,completed,2024-05
252.0,23.0,Product_59,423.37,2025-02-05,cancelled,2025-02
253.0,105.0,Product_4,743.2,2025-04-21,completed,2025-04
254.0,465.0,Product_64,499.69,2024-04-30,refunded,2024-04
255.0,,Product_43,481.47,2025-11-02,completed,2025-11
256.0,289.0,Product_17,870.77,2024-07-21,cancelled,2024-07
257.0,448.0,Product_65,159.96,2025-10-04,completed,2025-10
258.0,270.0,Product_67,581.15,2025-09-29,refunded,2025-09
259.0,342.0,Product_14,739.27,2025-11-20,completed,2025-11
260.0,145.0,Product_33,944.69,2024-07-07,refunded,2024-07
261.0,528.0,Product_14,193.63,2024-05-10,refunded,2024-05
262.0,350.0,Product_43,601.98,2025-09-08,refunded,2025-09
263.0,233.0,Product_3,146.35,2025-09-27,refunded,2025-09
264.0,33.0,Product_30,841.16,2024-07-14,refunded,2024-07
265.0,325.0,Product_55,450.64,2024-10-09,refunded,2024-10
266.0,266.0,Product_33,695.22,2026-01-22,completed,2026-01
267.0,85.0,Product_67,32.4,2026-01-20,cancelled,2026-01
268.0,425.0,Product_57,645.12,2024-10-08,completed,2024-10
269.0,57.0,Product_51,598.3,2026-03-01,completed,2026-03
270.0,94.0,Product_64,341.62,2025-07-25,completed,2025-07
271.0,291.0,Product_60,821.82,2026-01-05,refunded,2026-01
272.0,265.0,Product_51,191.51,2025-07-29,completed,2025-07
,282.0,Product_12,416.36,2025-01-23,completed,2025-01
274.0,75.0,Product_56,538.29,2026-02-02,pending,2026-02
275.0,306.0,Product_34,47.4,2026-02-01,completed,2026-02
276.0,485.0,Product_50,660.22,2024-07-30,completed,2024-07
277.0,446.0,Product_18,95.62,2025-08-13,pending,2025-08
278.0,,Product_31,52.83,2024-06-19,pending,2024-06
279.0,447.0,Product_12,782.25,2024-09-02,refunded,2024-09
280.0,43.0,Product_69,980.04,2024-12-01,completed,2024-12
281.0,10.0,Product_14,176.26,2025-11-29,pending,2025-11
282.0,,Product_40,566.13,2026-02-12,completed,2026-02
283.0,317.0,Product_12,170.77,2024-08-25,completed,2024-08
284.0,468.0,Product_44,717.46,2024-05-04,cancelled,2024-05
285.0,237.0,Product_29,176.04,2024-11-21,completed,2024-11
286.0,25.0,Product_14,575.4,2026-02-07,completed,2026-02
287.0,441.0,Product_51,62.84,2024-09-14,completed,2024-09
288.0,354.0,Product_48,258.68,2025-10-08,completed,2025-10
289.0,,Product_55,828.62,2025-04-11,refunded,2025-04
290.0,458.0,Product_21,100.42,2025-12-11,completed,2025-12
291.0,343.0,Product_31,495.12,2025-03-28,cancelled,2025-03
292.0,282.0,Product_15,27.05,2025-01-16,pending,2025-01
293.0,484.0,Product_25,934.7,2025-07-14,completed,2025-07
294.0,270.0,Product_48,497.26,2025-05-30,cancelled,2025-05
295.0,22.0,Product_40,558.03,2024-09-21,pending,2024-09
296.0,459.0,Product_53,839.38,2025-10-04,cancelled,2025-10
297.0,373.0,Product_52,297.26,2025-11-02,completed,2025-11
298.0,392.0,Product_5,410.55,2024-11-03,completed,2024-11
299.0,67.0,Product_59,880.27,2025-01-09,completed,2025-01
300.0,5.0,Product_39,19.53,2025-12-20,completed,2025-12
301.0,132.0,Product_25,151.29,2025-01-30,completed,2025-01
302.0,310.0,Product_50,590.78,2026-01-22,refunded,2026-01
303.0,375.0,Product_26,800.17,2025-10-14,completed,2025-10
304.0,141.0,Product_70,305.01,2025-02-18,cancelled,2025-02
,441.0,Product_16,116.05,2024-11-18,completed,2024-11
306.0,,Product_4,531.34,2024-05-14,completed,2024-05
307.0,129.0,Product_34,741.29,2024-12-05,pending,2024-12
308.0,371.0,Product_63,481.2,2024-04-28,pending,2024-04
309.0,102.0,Product_35,818.4,2025-01-07,completed,2025-01
310.0,410.0,Product_23,582.35,2025-09-09,refunded,2025-09
311.0,108.0,Product_21,446.22,2025-08-11,refunded,2025-08
312.0,193.0,Product_33,884.44,2025-04-26,refunded,2025-04
313.0,284.0,Product_48,387.6,2026-02-09,pending,2026-02
314.0,177.0,Product_27,398.04,2024-09-17,completed,2024-09
315.0,540.0,Product_36,643.115,2024-03-04,completed,2024-03
316.0,279.0,Product_33,69.88,2024-05-19,completed,2024-05
317.0,517.0,Product_43,845.41,2025-10-19,cancelled,2025-10
318.0,142.0,Product_50,793.13,2024-09-15,refunded,2024-09
319.0,245.0,Product_37,644.77,2025-02-22,cancelled,2025-02
320.0,340.0,Product_34,893.37,2025-12-12,pending,2025-12
,366.0,Product_10,975.97,2025-06-05,cancelled,2025-06
322.0,465.0,Product_35,714.3,2025-12-22,cancelled,2025-12
323.0,547.0,Product_27,415.33,2024-10-18,completed,2024-10
324.0,261.0,Product_24,302.12,2025-09-04,completed,2025-09
325.0,279.0,Product_23,605.26,2025-07-16,refunded,2025-07
326.0,321.0,Product_21,516.705,2025-03-08,completed,2025-03
327.0,63.0,Product_64,403.285,2025-04-03,cancelled,2025-04
328.0,261.0,Product_20,133.03,2025-05-20,refunded,2025-05
329.0,41.0,Product_46,79.17,2025-09-22,completed,2025-09
330.0,44.0,Product_42,266.73,2026-02-02,completed,2026-02
331.0,177.0,Product_56,662.23,2025-11-28,cancelled,2025-11
332.0,458.0,Product_36,564.5,2025-11-28,completed,2025-11
333.0,459.0,Product_52,128.48,2024-08-16,cancelled,2024-08
334.0,251.0,Product_17,769.45,2024-03-06,completed,2024-03
335.0,183.0,Product_55,360.64,2024-08-15,completed,2024-08
336.0,306.0,Product_38,981.64,2025-04-05,completed,2025-04
337.0,284.0,Product_17,577.6,2025-05-01,completed,2025-05
338.0,540.0,Product_66,307.86,2024-09-10,completed,2024-09
339.0,341.0,Product_26,60.3,2025-10-03,pending,2025-10
340.0,417.0,Product_22,643.23,2025-05-08,pending,2025-05
341.0,373.0,Product_50,720.06,2026-01-24,completed,2026-01
342.0,67.0,Product_65,605.22,2024-03-02,refunded,2024-03
343.0,124.0,Product_11,554.47,2024-12-20,pending,2024-12
344.0,442.0,Product_65,813.06,2024-04-22,completed,2024-04
345.0,433.0,Product_24,87.55,2026-01-06,completed,2026-01
346.0,503.0,Product_41,101.38,2025-01-02,cancelled,2025-01
347.0,485.0,Product_4,388.34,2025-02-05,completed,2025-02
348.0,352.0,Product_8,655.18,2024-11-11,pending,2024-11
349.0,287.0,Product_49,598.98,2025-10-11,completed,2025-10
350.0,530.0,Product_65,992.51,2024-11-23,completed,2024-11
351.0,293.0,Product_62,998.49,2024-10-11,pending,2024-10
352.0,133.0,Product_14,769.77,2024-06-06,refunded,2024-06
353.0,61.0,Product_30,397.59,2025-03-21,cancelled,2025-03
354.0,207.0,Product_44,96.39,2025-12-05,completed,2025-12
355.0,79.0,Product_23,639.71,2026-01-04,pending,2026-01
356.0,345.0,Product_44,667.03,2024-04-12,refunded,2024-04
357.0,75.0,Product_19,82.38,2024-06-25,pending,2024-06
358.0,395.0,Product_1,860.63,2025-08-30,cancelled,2025-08
359.0,187.0,Product_30,655.5,2024-11-08,cancelled,2024-11
360.0,201.0,Product_3,563.41,2025-01-13,completed,2025-01
361.0,,Product_46,394.13,2025-04-30,completed,2025-04
362.0,238.0,Product_23,582.35,2024-10-06,completed,2024-10
363.0,418.0,Product_2,415.07,2024-03-07,refunded,2024-03
364.0,372.0,Product_33,139.26,2025-08-11,refunded,2025-08
365.0,154.0,Product_32,143.41,2024-03-10,pending,2024-03
366.0,100.0,Product_13,564.53,2026-01-07,cancelled,2026-01
367.0,,Product_55,458.88,2024-07-13,cancelled,2024-07
368.0,547.0,Product_1,420.87,2025-07-01,completed,2025-07
369.0,143.0,Product_27,406.79,2024-04-01,completed,2024-04
370.0,411.0,Product_5,276.68,2024-10-18,completed,2024-10
371.0,69.0,Product_53,231.74,2025-02-24,completed,2025-02
372.0,189.0,Product_30,351.75,2025-05-05,completed,2025-05
373.0,,Product_65,598.91,2024-05-10,completed,2024-05
374.0,168.0,Product_1,587.84,2025-08-30,refunded,2025-08
375.0,449.0,Product_4,974.47,2025-09-29,completed,2025-09
376.0,486.0,Product_39,773.81,2025-03-17,completed,2025-03
377.0,141.0,Product_30,866.37,2025-12-10,completed,2025-12
378.0,280.0,Product_12,763.35,2025-07-02,completed,2025-07
379.0,179.0,Product_56,207.89,2026-02-08,completed,2026-02
380.0,393.0,Product_30,131.68,2025-03-01,completed,2025-03
381.0,205.0,Product_66,21.8,2025-07-08,cancelled,2025-07
382.0,414.0,Product_61,512.85,2025-01-23,completed,2025-01
383.0,65.0,Product_60,972.68,2026-02-09,refunded,2026-02
384.0,404.0,Product_15,840.86,2025-06-22,completed,2025-06
385.0,303.0,Product_28,592.92,2024-10-02,pending,2024-10
386.0,465.0,Product_51,613.92,2025-07-25,completed,2025-07
387.0,179.0,Product_17,868.19,2024-03-29,completed,2024-03
388.0,503.0,Product_52,923.26,2024-11-24,cancelled,2024-11
389.0,55.0,Product_37,984.55,2024-09-21,completed,2024-09
390.0,4.0,Product_38,427.49,2026-02-28,pending,2026-02
391.0,361.0,Product_61,696.115,2024-07-17,completed,2024-07
392.0,378.0,Product_51,606.1099999999999,2026-02-08,completed,2026-02
393.0,172.0,Product_54,740.5,2025-05-23,completed,2025-05
394.0,157.0,Product_35,544.78,2024-09-11,completed,2024-09
395.0,454.0,Product_53,946.35,2024-11-12,completed,2024-11
396.0,535.0,Product_13,482.28999999999996,2024-08-19,completed,2024-08
397.0,443.0,Product_58,461.84,2025-04-19,cancelled,2025-04
398.0,433.0,Product_33,429.81,2025-11-24,pending,2025-11
399.0,286.0,Product_53,149.94,2025-07-15,completed,2025-07
400.0,517.0,Product_48,620.4,2024-06-19,cancelled,2024-06
401.0,494.0,Product_12,413.68,2025-02-17,completed,2025-02
402.0,209.0,Product_68,417.69,2024-11-25,completed,2024-11
403.0,380.0,Product_41,328.64,2026-01-15,refunded,2026-01
404.0,407.0,Product_51,657.9,2025-05-04,refunded,2025-05
405.0,126.0,Product_4,70.79,2025-01-06,completed,2025-01
406.0,207.0,Product_16,763.42,2024-08-14,completed,2024-08
407.0,496.0,Product_22,966.77,2025-01-27,cancelled,2025-01
408.0,520.0,Product_16,855.89,2025-05-08,completed,2025-05
409.0,253.0,Product_54,584.275,2024-07-05,completed,2024-07
410.0,542.0,Product_24,26.27,2025-07-14,refunded,2025-07
411.0,24.0,Product_5,741.98,2025-01-09,completed,2025-01
412.0,497.0,Product_70,624.17,2025-05-03,pending,2025-05
413.0,,Product_7,937.79,2025-08-27,pending,2025-08
414.0,305.0,Product_6,235.49,2025-01-02,completed,2025-01
415.0,194.0,Product_41,378.14,2025-02-20,cancelled,2025-02
416.0,542.0,Product_53,696.71,2024-03-14,completed,2024-03
417.0,528.0,Product_29,35.65,2025-11-26,refunded,2025-11
418.0,282.0,Product_23,614.41,2025-11-25,completed,2025-11
419.0,,Product_61,901.85,2025-05-13,cancelled,2025-05
420.0,336.0,Product_66,763.7,2024-08-28,completed,2024-08
421.0,229.0,Product_70,177.32,2025-04-04,refunded,2025-04
422.0,209.0,Product_26,728.02,2025-02-14,completed,2025-02
423.0,275.0,Product_29,653.9,2024-08-20,completed,2024-08
424.0,390.0,Product_41,378.14,2025-06-15,refunded,2025-06
425.0,173.0,Product_27,516.23,2025-02-14,completed,2025-02
426.0,286.0,Product_5,932.88,2025-11-18,cancelled,2025-11
427.0,216.0,Product_12,978.28,2024-05-04,completed,2024-05
428.0,,Product_18,431.81,2024-08-28,completed,2024-08
429.0,239.0,Product_51,314.29,2025-04-11,pending,2025-04
430.0,47.0,Product_24,386.8,2024-05-11,pending,2024-05
431.0,496.0,Product_7,513.09,2024-07-18,cancelled,2024-07
432.0,161.0,Product_27,158.83,2025-02-02,completed,2025-02
433.0,459.0,Product_8,917.32,2025-10-23,completed,2025-10
434.0,465.0,Product_69,410.9,2024-07-23,refunded,2024-07
435.0,520.0,Product_68,853.07,2026-02-28,cancelled,2026-02
436.0,297.0,Product_5,442.13,2024-08-21,refunded,2024-08
437.0,471.0,Product_47,191.26,2025-12-08,pending,2025-12
438.0,532.0,Product_55,442.4,2025-07-01,completed,2025-07
439.0,353.0,Product_67,729.51,2024-08-16,cancelled,2024-08
440.0,,Product_31,519.19,2026-02-27,refunded,2026-02
441.0,,Product_27,392.72,2025-06-07,completed,2025-06
442.0,344.0,Product_32,308.52,2024-07-11,completed,2024-07
443.0,349.0,Product_34,649.54,2024-06-27,completed,2024-06
444.0,263.0,Product_48,626.06,2025-03-12,pending,2025-03
445.0,264.0,Product_11,678.82,2026-01-08,completed,2026-01
446.0,337.0,Product_41,378.14,2024-05-25,refunded,2024-05
447.0,88.0,Product_23,431.61,2025-07-25,cancelled,2025-07
448.0,292.0,Product_43,58.28,2025-11-29,completed,2025-11
449.0,206.0,Product_1,420.87,2024-12-18,pending,2024-12
450.0,252.0,Product_13,582.57,2024-05-08,pending,2024-05
451.0,210.0,Product_40,237.66,2024-05-31,completed,2024-05
452.0,127.0,Product_24,635.99,2026-01-09,completed,2026-01
453.0,22.0,Product_3,129.51,2024-12-02,completed,2024-12
454.0,487.0,Product_68,397.23,2025-11-04,completed,2025-11
455.0,,Product_26,450.44,2024-10-10,refunded,2024-10
456.0,371.0,Product_52,14.79,2024-05-02,completed,2024-05
457.0,432.0,Product_46,809.95,2025-04-24,cancelled,2025-04
458.0,284.0,Product_58,320.47,2025-07-31,completed,2025-07
459.0,404.0,Product_42,233.58,2024-06-25,completed,2024-06
460.0,478.0,Product_49,473.2,2025-01-09,pending,2025-01
461.0,11.0,Product_62,528.825,2025-11-07,completed,2025-11
462.0,133.0,Product_31,471.05,2024-07-16,completed,2024-07
463.0,448.0,Product_49,144.26,2024-12-22,completed,2024-12
464.0,113.0,Product_61,839.05,2025-09-01,refunded,2025-09
465.0,412.0,Product_49,675.41,2024-10-25,refunded,2024-10
466.0,477.0,Product_22,806.77,2024-03-16,completed,2024-03
467.0,73.0,Product_40,961.42,2025-05-02,completed,2025-05
468.0,66.0,Product_4,966.94,2024-12-19,cancelled,2024-12
469.0,414.0,Product_28,592.92,2025-12-20,cancelled,2025-12
470.0,103.0,Product_36,546.81,2024-04-12,pending,2024-04
471.0,240.0,Product_48,247.01,2025-11-25,refunded,2025-11
472.0,488.0,Product_5,220.87,2025-01-21,pending,2025-01
473.0,322.0,Product_62,387.0,2025-02-17,cancelled,2025-02
474.0,469.0,Product_25,888.66,2025-10-12,completed,2025-10
475.0,368.0,Product_22,703.41,2025-08-21,completed,2025-08
476.0,385.0,Product_6,368.17,2024-04-02,completed,2024-04
477.0,320.0,Product_19,455.17,2026-01-16,completed,2026-01
,383.0,Product_8,837.88,2025-12-27,completed,2025-12
479.0,422.0,Product_38,798.71,2025-11-03,cancelled,2025-11
480.0,528.0,Product_27,441.57,2026-01-10,refunded,2026-01
481.0,315.0,Product_10,370.13,2025-09-20,refunded,2025-09
482.0,57.0,Product_21,254.79,2025-01-09,completed,2025-01
483.0,25.0,Product_24,199.94,2026-01-28,completed,2026-01
484.0,508.0,Product_6,471.43,2024-04-22,refunded,2024-04
485.0,338.0,Product_7,497.59,2025-01-19,completed,2025-01
486.0,113.0,Product_62,393.75,2024-06-27,refunded,2024-06
487.0,247.0,Product_65,605.22,2024-09-03,completed,2024-09
488.0,417.0,Product_47,866.26,2024-11-27,pending,2024-11
489.0,533.0,Product_53,330.13,2024-11-03,completed,2024-11
490.0,450.0,Product_65,913.53,2024-09-20,refunded,2024-09
491.0,4.0,Product_25,128.76,2025-10-10,refunded,2025-10
492.0,93.0,Product_65,275.38,2026-01-07,cancelled,2026-01
493.0,78.0,Product_51,628.19,2025-12-04,cancelled,2025-12
494.0,389.0,Product_69,950.97,2024-10-03,refunded,2024-10
495.0,183.0,Product_68,726.15,2025-01-08,completed,2025-01
496.0,112.0,Product_64,252.57,2024-07-14,refunded,2024-07
497.0,363.0,Product_22,643.23,2025-12-09,refunded,2025-12
498.0,130.0,Product_69,715.26,2026-02-23,completed,2026-02
,407.0,Product_59,848.47,2024-06-05,pending,2024-06
500.0,351.0,Product_30,395.06,2025-10-08,cancelled,2025-10
501.0,,Product_20,797.32,2025-04-17,completed,2025-04
502.0,,Product_61,772.7,2024-06-20,completed,2024-06
503.0,419.0,Product_23,666.14,2025-12-21,completed,2025-12
504.0,95.0,Product_54,713.97,2025-01-18,completed,2025-01
505.0,25.0,Product_54,779.4,2025-10-19,cancelled,2025-10
506.0,547.0,Product_26,129.38,2025-07-20,cancelled,2025-07
,273.0,Product_63,812.4,2025-05-13,refunded,2025-05
508.0,227.0,Product_56,980.44,2024-06-20,pending,2024-06
509.0,170.0,Product_29,281.89,2025-01-08,cancelled,2025-01
510.0,388.0,Product_64,516.13,2024-12-21,cancelled,2024-12
511.0,8.0,Product_1,683.83,2026-01-22,pending,2026-01
512.0,82.0,Product_32,809.13,2024-12-05,completed,2024-12
513.0,368.0,Product_29,545.8,2024-05-07,completed,2024-05
514.0,110.0,Product_35,99.74,2025-12-10,refunded,2025-12
515.0,262.0,Product_67,54.38,2025-06-30,completed,2025-06
516.0,379.0,Product_58,150.74,2024-05-19,refunded,2024-05
517.0,185.0,Product_27,258.56,2025-10-09,completed,2025-10
518.0,152.0,Product_33,88.52,2025-01-13,refunded,2025-01
519.0,527.0,Product_17,74.63,2025-07-31,completed,2025-07
520.0,534.0,Product_39,612.88,2024-08-10,refunded,2024-08
521.0,,Product_41,302.54,2024-08-05,completed,2024-08
522.0,329.0,Product_53,683.0699999999999,2024-08-01,pending,2024-08
523.0,309.0,Product_47,666.9,2024-03-30,completed,2024-03
524.0,341.0,Product_55,479.36,2024-09-16,pending,2024-09
525.0,,Product_62,483.45,2026-02-03,completed,2026-02
,125.0,Product_62,37.97,2025-09-07,completed,2025-09
527.0,71.0,Product_26,497.56499999999994,2025-06-14,refunded,2025-06
528.0,534.0,Product_49,381.86,2025-09-13,pending,2025-09
529.0,303.0,Product_17,285.25,2024-10-18,refunded,2024-10
530.0,485.0,Product_45,379.58,2024-10-14,completed,2024-10
531.0,485.0,Product_47,488.44,2025-07-11,pending,2025-07
532.0,176.0,Product_56,175.38,2024-11-07,refunded,2024-11
533.0,100.0,Product_34,818.24,2024-06-02,cancelled,2024-06
534.0,160.0,Product_9,624.54,2025-12-03,completed,2025-12
535.0,4.0,Product_3,452.39,2025-10-19,refunded,2025-10
,283.0,Product_9,403.445,2024-09-29,completed,2024-09
,34.0,Product_70,468.5,2025-07-05,pending,2025-07
538.0,55.0,Product_18,404.01,2025-04-01,completed,2025-04
,159.0,Product_30,671.87,2024-12-29,refunded,2024-12
540.0,86.0,Product_62,528.825,2025-06-18,completed,2025-06
541.0,9.0,Product_44,170.99,2025-09-22,completed,2025-09
542.0,275.0,Product_42,744.08,2026-01-19,completed,2026-01
543.0,179.0,Product_17,134.45,2025-10-16,cancelled,2025-10
544.0,464.0,Product_20,142.33,2025-05-27,completed,2025-05
545.0,450.0,Product_33,53.07,2025-08-08,completed,2025-08
546.0,133.0,Product_56,538.29,2024-04-08,pending,2024-04
547.0,334.0,Product_6,65.52,2025-11-05,pending,2025-11
,501.0,Product_27,953.86,2024-10-11,completed,2024-10
549.0,186.0,Product_61,653.76,2024-10-10,pending,2024-10
550.0,209.0,Product_12,316.49,2024-09-06,completed,2024-09
551.0,179.0,Product_30,998.46,2026-02-11,cancelled,2026-02
552.0,24.0,Product_9,243.03,2025-05-21,cancelled,2025-05
553.0,494.0,Product_45,908.2,2024-05-24,completed,2024-05
555.0,315.0,Product_7,789.32,2024-07-03,cancelled,2024-07
556.0,14.0,Product_62,931.33,2024-08-05,cancelled,2024-08
557.0,69.0,Product_55,450.64,2024-03-03,completed,2024-03
558.0,433.0,Product_35,923.79,2025-09-13,refunded,2025-09
559.0,414.0,Product_1,420.87,2024-12-20,completed,2024-12
560.0,,Product_11,130.02,2024-12-20,cancelled,2024-12
561.0,89.0,Product_60,583.76,2025-04-01,pending,2025-04
562.0,448.0,Product_59,110.86,2025-03-12,completed,2025-03
,75.0,Product_1,364.97,2024-03-02,refunded,2024-03
564.0,450.0,Product_27,476.58500000000004,2024-09-10,refunded,2024-09
565.0,113.0,Product_48,401.4,2025-05-31,completed,2025-05
566.0,526.0,Product_41,498.37,2025-09-15,completed,2025-09
567.0,487.0,Product_35,784.22,2025-10-29,cancelled,2025-10
568.0,450.0,Product_56,717.49,2025-08-26,completed,2025-08
569.0,375.0,Product_23,217.67,2025-02-18,refunded,2025-02
570.0,377.0,Product_26,244.98,2025-08-25,pending,2025-08
571.0,379.0,Product_1,476.77,2025-10-01,completed,2025-10
572.0,116.0,Product_39,699.55,2026-01-23,completed,2026-01
573.0,1.0,Product_26,814.29,2024-12-05,refunded,2024-12
574.0,73.0,Product_21,73.27,2025-01-03,completed,2025-01
575.0,287.0,Product_60,99.01,2024-04-20,cancelled,2024-04
576.0,,Product_11,96.41,2025-02-01,refunded,2025-02
577.0,84.0,Product_11,981.51,2025-12-07,completed,2025-12
578.0,159.0,Product_20,690.04,2025-08-22,completed,2025-08
579.0,247.0,Product_1,300.18,2024-04-10,completed,2024-04
580.0,460.0,Product_64,953.25,2024-08-20,completed,2024-08
581.0,522.0,Product_17,736.83,2024-04-29,completed,2024-04
582.0,295.0,Product_55,859.97,2024-10-27,completed,2024-10
583.0,24.0,Product_61,552.42,2024-11-09,refunded,2024-11
584.0,518.0,Product_60,964.18,2024-09-26,pending,2024-09
585.0,81.0,Product_4,856.59,2025-04-27,cancelled,2025-04
586.0,164.0,Product_57,105.21,2026-02-15,refunded,2026-02
587.0,494.0,Product_52,842.58,2025-06-03,refunded,2025-06
588.0,357.0,Product_63,668.83,2025-05-06,completed,2025-05
589.0,133.0,Product_20,370.26,2025-05-04,completed,2025-05
590.0,210.0,Product_24,799.02,2025-03-20,completed,2025-03
591.0,15.0,Product_25,127.64,2025-07-03,completed,2025-07
592.0,19.0,Product_51,863.67,2025-10-04,completed,2025-10
593.0,435.0,Product_28,400.81,2024-05-16,completed,2024-05
594.0,172.0,Product_47,528.77,2025-01-02,pending,2025-01
595.0,413.0,Product_52,582.11,2025-03-26,completed,2025-03
596.0,506.0,Product_5,410.55,2025-09-20,completed,2025-09
597.0,322.0,Product_7,846.55,2025-12-18,pending,2025-12
598.0,370.0,Product_15,576.6,2024-05-30,completed,2024-05
599.0,62.0,Product_37,929.19,2025-04-01,cancelled,2025-04
600.0,493.0,Product_25,482.76,2024-08-15,completed,2024-08
601.0,345.0,Product_45,787.05,2024-10-15,completed,2024-10
602.0,538.0,Product_27,230.69,2024-11-14,pending,2024-11
603.0,365.0,Product_38,211.66,2025-07-08,completed,2025-07
604.0,507.0,Product_7,513.09,2025-12-24,pending,2025-12
605.0,479.0,Product_47,987.26,2025-02-14,completed,2025-02
606.0,198.0,Product_38,188.37,2025-12-13,refunded,2025-12
607.0,334.0,Product_57,112.85,2024-10-09,cancelled,2024-10
608.0,542.0,Product_12,848.64,2025-06-29,completed,2025-06
609.0,301.0,Product_66,794.72,2025-06-22,completed,2025-06
,281.0,Product_26,471.08,2025-05-24,refunded,2025-05
611.0,234.0,Product_4,754.21,2024-07-27,completed,2024-07
612.0,366.0,Product_69,461.89,2024-08-29,completed,2024-08
613.0,,Product_13,366.77,2025-11-14,refunded,2025-11
614.0,91.0,Product_39,664.51,2025-09-10,completed,2025-09
615.0,137.0,Product_50,208.4,2025-10-05,cancelled,2025-10
616.0,395.0,Product_51,606.1099999999999,2025-07-02,cancelled,2025-07
617.0,85.0,Product_55,369.07,2024-04-19,completed,2024-04
618.0,87.0,Product_61,538.18,2024-05-02,completed,2024-05
619.0,306.0,Product_70,606.7,2024-09-06,refunded,2024-09
620.0,,Product_64,403.285,2025-03-16,cancelled,2025-03
621.0,173.0,Product_68,489.36,2025-12-30,pending,2025-12
622.0,486.0,Product_60,790.16,2025-04-23,refunded,2025-04
623.0,75.0,Product_23,469.8,2024-10-09,completed,2024-10
624.0,445.0,Product_51,549.74,2025-08-13,cancelled,2025-08
625.0,532.0,Product_61,285.33,2024-08-09,pending,2024-08
626.0,535.0,Product_45,270.39,2024-12-24,completed,2024-12
627.0,61.0,Product_17,574.74,2025-12-09,completed,2025-12
628.0,158.0,Product_40,541.14,2025-08-14,refunded,2025-08
629.0,197.0,Product_25,966.29,2025-03-14,completed,2025-03
630.0,117.0,Product_38,427.49,2025-01-24,completed,2025-01
631.0,301.0,Product_50,147.86,2025-01-25,completed,2025-01
632.0,81.0,Product_5,64.46,2024-04-28,pending,2024-04
633.0,483.0,Product_52,373.29,2024-11-27,completed,2024-11
634.0,271.0,Product_35,807.08,2024-05-27,refunded,2024-05
635.0,350.0,Product_29,304.49,2026-01-19,refunded,2026-01
636.0,430.0,Product_50,683.01,2024-10-23,completed,2024-10
637.0,331.0,Product_65,767.83,2024-10-19,completed,2024-10
638.0,374.0,Product_57,777.32,2025-06-26,refunded,2025-06
639.0,462.0,Product_37,792.69,2024-05-17,completed,2024-05
640.0,112.0,Product_15,936.71,2024-09-22,completed,2024-09
641.0,402.0,Product_53,736.3,2024-06-26,completed,2024-06
642.0,441.0,Product_63,972.15,2025-09-28,completed,2025-09
643.0,280.0,Product_65,284.05,2024-03-11,refunded,2024-03
644.0,,Product_14,663.77,2024-12-17,pending,2024-12
645.0,139.0,Product_50,913.89,2024-12-01,completed,2024-12
646.0,298.0,Product_19,200.27,2025-09-11,cancelled,2025-09
647.0,509.0,Product_46,372.45,2025-09-11,completed,2025-09
648.0,107.0,Product_40,953.62,2024-09-18,completed,2024-09
649.0,255.0,Product_66,756.33,2025-04-02,completed,2025-04
650.0,42.0,Product_49,215.2,2024-03-15,completed,2024-03
651.0,260.0,Product_33,558.22,2024-12-31,completed,2024-12
652.0,380.0,Product_19,29.63,2025-02-25,pending,2025-02
653.0,174.0,Product_15,260.15,2024-04-08,completed,2024-04
654.0,348.0,Product_68,331.68,2026-02-13,refunded,2026-02
655.0,417.0,Product_20,338.28,2024-11-06,cancelled,2024-11
,512.0,Product_29,304.49,2025-02-02,completed,2025-02
657.0,9.0,Product_26,426.21,2024-07-10,completed,2024-07
658.0,248.0,Product_19,774.63,2025-06-22,completed,2025-06
659.0,71.0,Product_49,198.49,2024-09-07,completed,2024-09
660.0,314.0,Product_53,683.0699999999999,2025-08-08,completed,2025-08
661.0,432.0,Product_23,767.98,2025-08-27,completed,2025-08
662.0,235.0,Product_47,528.77,2024-05-25,completed,2024-05
663.0,463.0,Product_43,617.19,2025-01-06,completed,2025-01
664.0,211.0,Product_49,716.38,2025-09-04,cancelled,2025-09
665.0,187.0,Product_8,924.31,2026-02-09,cancelled,2026-02
666.0,413.0,Product_53,207.63,2025-11-10,completed,2025-11
667.0,347.0,Product_32,275.34,2025-08-17,cancelled,2025-08
668.0,308.0,Product_39,855.05,2024-10-25,completed,2024-10
669.0,410.0,Product_14,575.4,2025-04-07,pending,2025-04
670.0,267.0,Product_56,89.7,2024-07-13,completed,2024-07
671.0,125.0,Product_17,577.6,2024-04-17,pending,2024-04
672.0,270.0,Product_59,623.35,2025-02-21,completed,2025-02
673.0,536.0,Product_8,414.44,2024-04-12,completed,2024-04
674.0,381.0,Product_57,623.51,2025-04-26,completed,2025-04
675.0,475.0,Product_22,995.34,2024-09-20,completed,2024-09
676.0,305.0,Product_58,983.41,2024-06-04,refunded,2024-06
677.0,411.0,Product_44,653.56,2025-10-07,completed,2025-10
678.0,29.0,Product_40,340.24,2024-11-13,refunded,2024-11
679.0,274.0,Product_28,592.92,2025-02-08,cancelled,2025-02
680.0,77.0,Product_43,34.59,2025-08-21,completed,2025-08
681.0,290.0,Product_15,633.13,2025-12-16,pending,2025-12
,494.0,Product_56,886.54,2025-07-17,cancelled,2025-07
683.0,34.0,Product_17,860.17,2025-07-24,refunded,2025-07
684.0,185.0,Product_68,804.5,2025-05-19,completed,2025-05
685.0,73.0,Product_20,411.18,2025-05-03,cancelled,2025-05
686.0,325.0,Product_67,962.03,2024-12-11,completed,2024-12
687.0,496.0,Product_69,102.32,2025-01-28,cancelled,2025-01
688.0,503.0,Product_22,275.27,2026-01-22,refunded,2026-01
689.0,373.0,Product_11,786.26,2025-09-13,completed,2025-09
690.0,308.0,Product_28,524.63,2025-11-02,completed,2025-11
691.0,36.0,Product_45,379.58,2024-09-26,completed,2024-09
692.0,37.0,Product_4,731.75,2025-05-08,completed,2025-05
693.0,211.0,Product_41,783.8,2025-05-27,completed,2025-05
694.0,298.0,Product_35,424.17,2025-10-03,completed,2025-10
695.0,224.0,Product_8,29.11,2024-05-02,cancelled,2024-05
696.0,,Product_58,714.44,2025-04-16,completed,2025-04
697.0,,Product_48,210.99,2025-12-28,completed,2025-12
698.0,,Product_42,460.18,2024-12-15,refunded,2024-12
699.0,27.0,Product_36,547.2,2025-12-10,completed,2025-12
700.0,203.0,Product_61,788.35,2025-03-15,completed,2025-03
701.0,122.0,Product_26,524.05,2024-03-28,cancelled,2024-03
702.0,295.0,Product_6,779.18,2025-07-31,refunded,2025-07
703.0,380.0,Product_32,696.31,2025-08-29,pending,2025-08
704.0,127.0,Product_64,553.23,2025-10-21,completed,2025-10
705.0,231.0,Product_7,205.56,2025-05-10,cancelled,2025-05
706.0,491.0,Product_50,75.94,2025-04-04,completed,2025-04
707.0,320.0,Product_4,199.28,2025-03-02,refunded,2025-03
708.0,433.0,Product_5,688.23,2024-07-15,cancelled,2024-07
709.0,73.0,Product_5,180.59,2025-10-04,completed,2025-10
710.0,,Product_58,11.91,2025-03-15,refunded,2025-03
711.0,399.0,Product_15,511.15,2025-04-09,pending,2025-04
712.0,260.0,Product_57,53.51,2024-07-26,completed,2024-07
713.0,276.0,Product_48,807.95,2024-09-10,completed,2024-09
714.0,489.0,Product_2,504.29,2025-05-09,completed,2025-05
715.0,106.0,Product_48,678.05,2025-03-24,refunded,2025-03
716.0,479.0,Product_46,588.66,2024-12-16,refunded,2024-12
717.0,25.0,Product_8,15.77,2024-08-10,cancelled,2024-08
,526.0,Product_33,429.81,2024-12-31,refunded,2024-12
719.0,247.0,Product_23,445.29,2024-05-31,cancelled,2024-05
720.0,531.0,Product_9,290.76,2026-02-12,refunded,2026-02
721.0,44.0,Product_32,854.56,2025-04-24,completed,2025-04
722.0,255.0,Product_38,127.01,2024-06-28,cancelled,2024-06
723.0,272.0,Product_18,637.66,2024-07-17,pending,2024-07
724.0,300.0,Product_28,894.01,2024-06-16,completed,2024-06
725.0,,Product_33,931.65,2024-04-12,refunded,2024-04
726.0,395.0,Product_46,101.42,2025-01-16,completed,2025-01
727.0,284.0,Product_47,353.89,2025-07-13,pending,2025-07
728.0,141.0,Product_53,705.97,2025-09-15,completed,2025-09
729.0,540.0,Product_37,754.68,2025-02-06,completed,2025-02
730.0,231.0,Product_2,316.38,2025-01-18,refunded,2025-01
731.0,400.0,Product_25,405.55,2026-01-01,completed,2026-01
732.0,259.0,Product_61,719.01,2025-12-14,completed,2025-12
733.0,473.0,Product_18,16.11,2024-11-16,pending,2024-11
734.0,148.0,Product_34,423.86,2024-08-24,completed,2024-08
735.0,415.0,Product_1,420.87,2025-07-13,completed,2025-07
736.0,137.0,Product_2,65.77,2025-03-28,refunded,2025-03
737.0,101.0,Product_40,642.4,2026-02-12,completed,2026-02
738.0,,Product_16,207.6,2024-09-20,completed,2024-09
739.0,327.0,Product_5,168.9,2025-01-02,completed,2025-01
740.0,377.0,Product_1,544.29,2025-01-09,completed,2025-01
741.0,118.0,Product_62,536.65,2025-07-28,completed,2025-07
742.0,471.0,Product_21,313.42,2024-04-13,completed,2024-04
743.0,81.0,Product_33,182.18,2026-01-05,pending,2026-01
744.0,122.0,Product_40,787.45,2025-12-18,completed,2025-12
745.0,93.0,Product_44,888.77,2025-10-06,completed,2025-10
746.0,271.0,Product_3,359.77,2025-08-20,completed,2025-08
747.0,159.0,Product_57,909.37,2025-11-21,completed,2025-11
748.0,261.0,Product_39,5.73,2024-04-18,pending,2024-04
749.0,,Product_39,689.9,2024-06-29,refunded,2024-06
750.0,449.0,Product_66,546.52,2024-07-19,pending,2024-07
751.0,114.0,Product_23,941.04,2026-01-22,refunded,2026-01
752.0,458.0,Product_3,922.68,2025-12-13,completed,2025-12
753.0,269.0,Product_32,223.44,2024-04-19,completed,2024-04
754.0,65.0,Product_38,427.49,2024-09-20,cancelled,2024-09
755.0,,Product_7,947.97,2024-11-16,refunded,2024-11
756.0,526.0,Product_6,368.17,2025-12-28,completed,2025-12
757.0,139.0,Product_47,509.06,2025-12-01,completed,2025-12
758.0,10.0,Product_14,506.63,2024-06-18,cancelled,2024-06
759.0,352.0,Product_42,811.15,2024-05-29,completed,2024-05
760.0,340.0,Product_34,887.77,2025-05-20,refunded,2025-05
761.0,207.0,Product_44,734.19,2025-01-06,cancelled,2025-01
762.0,236.0,Product_13,926.96,2024-04-09,pending,2024-04
763.0,,Product_58,611.73,2024-03-27,completed,2024-03
764.0,171.0,Product_42,788.57,2024-08-02,completed,2024-08
765.0,479.0,Product_41,843.78,2025-12-27,pending,2025-12
766.0,59.0,Product_10,783.32,2025-10-02,completed,2025-10
767.0,231.0,Product_60,525.15,2024-07-01,refunded,2024-07
,299.0,Product_21,419.98,2024-07-11,cancelled,2024-07
769.0,24.0,Product_8,173.3,2024-04-19,refunded,2024-04
770.0,543.0,Product_39,114.0,2025-07-01,completed,2025-07
771.0,,Product_30,877.65,2025-05-31,completed,2025-05
772.0,223.0,Product_36,848.54,2024-03-23,refunded,2024-03
773.0,75.0,Product_57,899.77,2026-02-07,cancelled,2026-02
774.0,,Product_63,563.65,2025-10-28,completed,2025-10
775.0,310.0,Product_66,648.14,2024-07-17,refunded,2024-07
776.0,207.0,Product_24,288.69,2025-08-02,completed,2025-08
777.0,432.0,Product_6,19.13,2024-05-08,pending,2024-05
778.0,109.0,Product_30,933.79,2024-07-17,completed,2024-07
779.0,203.0,Product_21,818.8,2025-12-24,completed,2025-12
780.0,315.0,Product_48,48.14,2024-04-10,refunded,2024-04
781.0,383.0,Product_6,368.17,2025-09-07,cancelled,2025-09
782.0,50.0,Product_59,305.58,2025-07-08,completed,2025-07
783.0,170.0,Product_69,44.07,2025-01-03,refunded,2025-01
784.0,34.0,Product_37,645.18,2025-01-02,refunded,2025-01
785.0,166.0,Product_9,384.32,2024-06-19,cancelled,2024-06
786.0,515.0,Product_66,370.63,2024-04-08,pending,2024-04
787.0,109.0,Product_52,296.6,2024-06-01,completed,2024-06
788.0,384.0,Product_30,122.74,2025-07-22,completed,2025-07
789.0,312.0,Product_51,157.74,2025-10-28,cancelled,2025-10
790.0,78.0,Product_66,296.35,2026-02-04,completed,2026-02
791.0,,Product_62,306.42,2025-11-15,cancelled,2025-11
792.0,458.0,Product_15,441.11,2025-08-04,completed,2025-08
,428.0,Product_8,544.69,2024-05-24,refunded,2024-05
794.0,375.0,Product_1,985.99,2025-06-11,completed,2025-06
795.0,458.0,Product_17,59.4,2024-07-03,completed,2024-07
796.0,464.0,Product_53,730.82,2026-02-21,completed,2026-02
797.0,302.0,Product_27,700.61,2025-07-13,completed,2025-07
798.0,17.0,Product_36,674.67,2025-03-09,completed,2025-03
799.0,137.0,Product_58,922.29,2025-04-20,refunded,2025-04
800.0,489.0,Product_52,684.09,2024-03-17,completed,2024-03
801.0,282.0,Product_31,764.01,2026-02-22,completed,2026-02
802.0,411.0,Product_43,720.73,2024-09-13,pending,2024-09
803.0,68.0,Product_60,527.44,2024-11-04,completed,2024-11
804.0,161.0,Product_45,5.12,2025-02-09,completed,2025-02
805.0,221.0,Product_46,810.48,2025-08-23,completed,2025-08
806.0,347.0,Product_5,182.35,2025-12-29,completed,2025-12
807.0,479.0,Product_44,31.17,2024-03-08,completed,2024-03
808.0,374.0,Product_63,462.62,2025-04-23,completed,2025-04
809.0,141.0,Product_39,492.78,2024-03-06,cancelled,2024-03
810.0,118.0,Product_54,827.13,2024-08-30,completed,2024-08
811.0,502.0,Product_70,151.12,2025-12-13,refunded,2025-12
812.0,501.0,Product_64,374.16,2025-07-28,completed,2025-07
,444.0,Product_4,746.56,2025-08-29,cancelled,2025-08
,531.0,Product_49,933.78,2025-04-18,completed,2025-04
815.0,448.0,Product_26,249.58,2024-07-09,refunded,2024-07
816.0,125.0,Product_8,487.43,2024-08-20,cancelled,2024-08
817.0,317.0,Product_50,389.07,2025-05-22,completed,2025-05
818.0,86.0,Product_40,874.72,2024-08-13,pending,2024-08
819.0,,Product_16,704.55,2026-01-14,completed,2026-01
820.0,58.0,Product_63,77.95,2026-02-25,completed,2026-02
821.0,2.0,Product_43,373.82,2025-11-28,pending,2025-11
822.0,282.0,Product_67,49.77,2025-12-16,completed,2025-12
823.0,247.0,Product_20,257.78,2024-12-30,refunded,2024-12
824.0,129.0,Product_33,325.16,2025-04-06,pending,2025-04
,502.0,Product_34,184.14,2025-03-21,cancelled,2025-03
826.0,137.0,Product_48,920.1,2025-09-02,cancelled,2025-09
827.0,55.0,Product_8,923.15,2024-07-24,completed,2024-07
828.0,526.0,Product_55,146.34,2025-01-21,completed,2025-01
829.0,45.0,Product_67,896.85,2025-07-16,completed,2025-07
830.0,128.0,Product_57,855.36,2025-10-07,refunded,2025-10
831.0,253.0,Product_54,454.58,2025-04-06,refunded,2025-04
832.0,539.0,Product_27,945.78,2025-04-02,cancelled,2025-04
,25.0,Product_55,450.64,2024-05-22,completed,2024-05
834.0,531.0,Product_70,204.32,2024-09-10,completed,2024-09
835.0,364.0,Product_50,591.5,2024-12-14,pending,2024-12
836.0,93.0,Product_19,457.48,2025-04-03,refunded,2025-04
837.0,195.0,Product_60,331.37,2025-10-15,refunded,2025-10
838.0,234.0,Product_6,123.03,2025-11-27,completed,2025-11
839.0,350.0,Product_31,495.12,2024-03-03,completed,2024-03
840.0,8.0,Product_30,853.85,2024-05-20,cancelled,2024-05
841.0,219.0,Product_44,237.54,2025-03-06,completed,2025-03
842.0,95.0,Product_55,285.52,2025-07-13,completed,2025-07
843.0,152.0,Product_54,290.99,2026-01-19,cancelled,2026-01
844.0,521.0,Product_40,18.16,2024-06-29,completed,2024-06
845.0,44.0,Product_14,709.93,2025-08-18,cancelled,2025-08
846.0,525.0,Product_62,475.27,2025-08-31,completed,2025-08
847.0,528.0,Product_52,160.33,2025-02-21,completed,2025-02
848.0,263.0,Product_9,406.75,2025-02-18,pending,2025-02
849.0,156.0,Product_69,453.99,2026-01-18,completed,2026-01
,471.0,Product_21,589.73,2024-10-10,refunded,2024-10
851.0,485.0,Product_45,379.58,2025-01-20,completed,2025-01
852.0,46.0,Product_57,31.58,2025-05-30,completed,2025-05
853.0,518.0,Product_33,667.75,2024-12-15,cancelled,2024-12
854.0,265.0,Product_42,834.7,2024-08-09,completed,2024-08
855.0,,Product_18,371.89,2025-09-07,pending,2025-09
856.0,327.0,Product_65,713.72,2025-04-14,cancelled,2025-04
857.0,369.0,Product_32,379.32,2024-09-20,completed,2024-09
858.0,299.0,Product_25,458.58,2025-09-01,cancelled,2025-09
859.0,81.0,Product_38,969.16,2024-04-24,completed,2024-04
860.0,65.0,Product_26,804.62,2025-02-26,completed,2025-02
861.0,343.0,Product_32,118.79,2024-12-25,completed,2024-12
862.0,106.0,Product_22,480.17,2024-06-20,completed,2024-06
863.0,282.0,Product_68,525.89,2024-11-01,cancelled,2024-11
864.0,238.0,Product_15,511.15,2025-05-17,completed,2025-05
865.0,92.0,Product_9,400.14,2025-04-04,completed,2025-04
866.0,309.0,Product_69,180.4,2024-08-28,refunded,2024-08
867.0,495.0,Product_29,539.44,2024-09-17,cancelled,2024-09
868.0,382.0,Product_70,162.63,2024-10-17,refunded,2024-10
869.0,118.0,Product_18,483.24,2024-10-14,pending,2024-10
870.0,33.0,Product_19,396.87,2025-12-23,completed,2025-12
871.0,,Product_65,888.96,2026-01-07,pending,2026-01
872.0,261.0,Product_58,44.23,2025-08-12,cancelled,2025-08
873.0,173.0,Product_53,346.68,2024-03-07,completed,2024-03
874.0,508.0,Product_16,577.11,2025-03-12,pending,2025-03
875.0,430.0,Product_66,297.14,2024-06-30,refunded,2024-06
876.0,461.0,Product_13,157.81,2025-03-10,refunded,2025-03
877.0,295.0,Product_18,521.84,2025-01-19,completed,2025-01
878.0,162.0,Product_4,999.27,2024-08-11,refunded,2024-08
879.0,532.0,Product_56,478.72,2024-11-12,completed,2024-11
880.0,334.0,Product_12,413.68,2025-01-10,completed,2025-01
881.0,141.0,Product_22,305.86,2024-03-19,completed,2024-03
882.0,212.0,Product_48,536.9,2024-12-28,cancelled,2024-12
883.0,549.0,Product_70,952.3,2024-11-25,completed,2024-11
884.0,538.0,Product_45,57.89,2026-01-26,completed,2026-01
885.0,475.0,Product_19,716.89,2025-06-26,completed,2025-06
886.0,117.0,Product_56,538.29,2024-04-24,pending,2024-04
887.0,94.0,Product_5,519.18,2026-01-04,completed,2026-01
888.0,362.0,Product_24,565.16,2025-02-21,refunded,2025-02
889.0,214.0,Product_48,680.51,2024-03-30,cancelled,2024-03
890.0,32.0,Product_19,459.79,2024-07-07,completed,2024-07
891.0,94.0,Product_25,159.66,2024-05-12,cancelled,2024-05
892.0,178.0,Product_52,335.275,2024-04-21,completed,2024-04
893.0,540.0,Product_23,805.33,2024-09-10,cancelled,2024-09
,307.0,Product_4,762.94,2025-11-30,completed,2025-11
895.0,309.0,Product_59,581.82,2025-12-28,completed,2025-12
896.0,252.0,Product_46,628.65,2025-02-25,completed,2025-02
897.0,93.0,Product_13,482.25,2026-02-26,completed,2026-02
898.0,481.0,Product_43,577.62,2024-09-28,completed,2024-09
899.0,96.0,Product_46,900.42,2025-08-13,pending,2025-08
900.0,437.0,Product_47,487.88,2024-06-14,completed,2024-06
901.0,503.0,Product_60,538.92,2024-08-06,completed,2024-08
902.0,112.0,Product_37,140.07,2024-10-18,refunded,2024-10
903.0,,Product_16,47.62,2025-07-18,refunded,2025-07
904.0,541.0,Product_11,229.74,2024-09-28,completed,2024-09
905.0,248.0,Product_70,439.79,2025-01-31,completed,2025-01
906.0,,Product_41,933.39,2026-01-27,completed,2026-01
907.0,428.0,Product_59,761.28,2025-12-16,completed,2025-12
908.0,224.0,Product_34,224.79,2024-12-02,completed,2024-12
909.0,498.0,Product_7,699.86,2024-06-09,refunded,2024-06
910.0,314.0,Product_59,502.595,2025-02-03,completed,2025-02
911.0,,Product_63,462.62,2025-02-26,cancelled,2025-02
912.0,76.0,Product_33,103.03,2025-02-21,completed,2025-02
913.0,74.0,Product_44,135.75,2025-09-09,cancelled,2025-09
914.0,325.0,Product_60,394.69,2025-09-05,completed,2025-09
,245.0,Product_14,829.73,2025-10-26,completed,2025-10
916.0,178.0,Product_40,433.03,2024-12-15,cancelled,2024-12
917.0,135.0,Product_33,943.0,2024-09-07,completed,2024-09
918.0,434.0,Product_10,31.37,2024-04-15,cancelled,2024-04
919.0,212.0,Product_33,150.35,2025-07-18,cancelled,2025-07
920.0,305.0,Product_1,927.74,2025-09-10,pending,2025-09
921.0,264.0,Product_20,293.71,2025-11-28,pending,2025-11
922.0,421.0,Product_67,326.6,2024-07-03,completed,2024-07
923.0,168.0,Product_14,875.81,2024-03-02,refunded,2024-03
924.0,431.0,Product_9,438.23,2024-06-30,cancelled,2024-06
925.0,154.0,Product_30,576.82,2025-12-13,pending,2025-12
926.0,384.0,Product_66,124.24,2024-09-17,pending,2024-09
927.0,301.0,Product_32,249.16,2024-07-08,completed,2024-07
928.0,79.0,Product_22,787.58,2024-08-24,completed,2024-08
929.0,232.0,Product_63,266.65,2025-12-05,completed,2025-12
930.0,124.0,Product_14,539.88,2025-09-14,pending,2025-09
931.0,475.0,Product_3,466.41499999999996,2025-08-20,completed,2025-08
932.0,20.0,Product_11,542.68,2025-02-23,completed,2025-02
933.0,509.0,Product_60,538.92,2025-01-09,completed,2025-01
,35.0,Product_43,579.08,2025-02-04,refunded,2025-02
935.0,16.0,Product_70,439.79,2025-04-30,cancelled,2025-04
936.0,105.0,Product_67,740.9,2024-10-30,completed,2024-10
937.0,188.0,Product_69,446.09,2025-01-13,completed,2025-01
938.0,539.0,Product_2,643.43,2025-06-29,completed,2025-06
939.0,71.0,Product_51,606.1099999999999,2024-10-19,completed,2024-10
940.0,,Product_46,944.01,2025-10-14,cancelled,2025-10
941.0,350.0,Product_16,640.8299999999999,2026-02-19,completed,2026-02
942.0,371.0,Product_36,808.27,2025-06-23,refunded,2025-06
943.0,31.0,Product_31,410.77,2024-03-14,pending,2024-03
944.0,120.0,Product_46,706.79,2025-04-05,completed,2025-04
945.0,228.0,Product_21,245.24,2025-01-20,completed,2025-01
946.0,385.0,Product_17,533.25,2024-10-27,pending,2024-10
947.0,490.0,Product_30,755.97,2024-09-05,completed,2024-09
948.0,389.0,Product_10,643.28,2024-06-11,completed,2024-06
949.0,473.0,Product_58,475.28,2024-11-03,refunded,2024-11
950.0,,Product_44,635.36,2025-08-21,completed,2025-08
951.0,381.0,Product_45,219.06,2024-10-05,completed,2024-10
952.0,48.0,Product_67,581.15,2026-01-30,completed,2026-01
953.0,495.0,Product_27,462.81,2024-10-10,completed,2024-10
954.0,453.0,Product_20,153.91,2025-10-03,completed,2025-10
955.0,345.0,Product_24,416.97,2025-06-08,pending,2025-06
956.0,105.0,Product_2,450.8,2024-03-04,pending,2024-03
957.0,458.0,Product_35,302.94,2025-08-21,refunded,2025-08
958.0,302.0,Product_23,125.69,2026-01-07,cancelled,2026-01
,82.0,Product_1,91.51,2024-12-22,completed,2024-12
960.0,476.0,Product_45,379.58,2025-06-05,refunded,2025-06
961.0,547.0,Product_47,409.1,2025-01-12,completed,2025-01
962.0,346.0,Product_23,311.4,2025-12-10,completed,2025-12
963.0,72.0,Product_7,354.42,2025-03-16,completed,2025-03
,136.0,Product_10,612.8,2026-01-16,completed,2026-01
965.0,,Product_17,585.24,2026-02-10,completed,2026-02
966.0,137.0,Product_25,571.58,2024-03-04,completed,2024-03
967.0,,Product_67,663.8,2025-06-11,pending,2025-06
968.0,,Product_7,73.07,2024-05-09,refunded,2024-05
969.0,37.0,Product_12,310.86,2025-06-04,pending,2025-06
970.0,20.0,Product_6,368.17,2025-08-15,completed,2025-08
971.0,35.0,Product_66,481.43,2024-08-03,completed,2024-08
972.0,,Product_13,618.73,2025-06-10,completed,2025-06
973.0,373.0,Product_7,518.84,2025-08-06,completed,2025-08
974.0,301.0,Product_42,229.34,2025-12-23,cancelled,2025-12
975.0,341.0,Product_44,600.85,2024-12-29,cancelled,2024-12
976.0,15.0,Product_59,48.01,2024-08-08,refunded,2024-08
977.0,19.0,Product_51,96.77,2024-10-28,completed,2024-10
978.0,81.0,Product_23,808.76,2024-06-25,completed,2024-06
979.0,253.0,Product_62,926.41,2025-10-23,refunded,2025-10
980.0,42.0,Product_27,606.1,2025-08-18,refunded,2025-08
981.0,10.0,Product_63,105.74,2025-06-21,cancelled,2025-06
982.0,278.0,Product_30,376.97,2025-12-29,cancelled,2025-12
983.0,243.0,Product_55,132.81,2025-05-22,cancelled,2025-05
984.0,255.0,Product_8,190.12,2024-08-16,completed,2024-08
985.0,180.0,Product_67,581.15,2024-10-11,cancelled,2024-10
986.0,275.0,Product_7,135.26,2025-05-17,completed,2025-05
987.0,320.0,Product_3,480.44,2025-10-30,completed,2025-10
988.0,379.0,Product_70,476.61,2024-06-24,cancelled,2024-06
989.0,236.0,Product_33,49.06,2024-09-26,pending,2024-09
990.0,266.0,Product_22,341.43,2024-03-27,completed,2024-03
991.0,406.0,Product_7,637.46,2024-05-05,completed,2024-05
992.0,268.0,Product_70,439.79,2024-08-20,completed,2024-08
993.0,,Product_68,907.76,2024-04-07,refunded,2024-04
994.0,11.0,Product_39,920.67,2024-11-17,refunded,2024-11
995.0,278.0,Product_19,944.02,2025-09-21,completed,2025-09
996.0,182.0,Product_4,284.58,2025-01-24,refunded,2025-01
997.0,253.0,Product_63,462.62,2024-05-03,completed,2024-05
998.0,,Product_67,617.2,2025-11-13,completed,2025-11
999.0,27.0,Product_51,630.0,2025-10-06,pending,2025-10
1000.0,99.0,Product_65,676.52,2025-09-19,refunded,2025-09
1001.0,,Product_52,196.82,2024-08-25,completed,2024-08
1002.0,30.0,Product_13,482.28999999999996,2025-10-20,completed,2025-10
1003.0,353.0,Product_23,582.35,2025-12-22,completed,2025-12
1004.0,320.0,Product_46,588.66,2025-06-11,completed,2025-06
1005.0,234.0,Product_9,467.05,2024-09-06,completed,2024-09
1006.0,160.0,Product_3,919.1,2024-10-13,completed,2024-10
1007.0,153.0,Product_1,495.92,2024-04-09,cancelled,2024-04
1008.0,73.0,Product_27,690.77,2024-12-03,pending,2024-12
1009.0,,Product_17,645.92,2024-03-14,pending,2024-03
1010.0,,Product_69,453.99,2026-02-11,cancelled,2026-02
1011.0,234.0,Product_51,341.15,2024-12-09,completed,2024-12
1012.0,331.0,Product_50,285.02,2025-04-03,pending,2025-04
1013.0,131.0,Product_46,386.07,2024-07-22,pending,2024-07
1014.0,,Product_15,147.17,2025-02-06,completed,2025-02
1015.0,30.0,Product_34,525.58,2025-12-10,refunded,2025-12
1016.0,492.0,Product_47,991.87,2025-08-04,pending,2025-08
1017.0,410.0,Product_43,253.57,2024-06-13,completed,2024-06
1018.0,229.0,Product_49,877.46,2024-04-14,refunded,2024-04
1019.0,85.0,Product_8,645.15,2025-01-21,refunded,2025-01
1020.0,28.0,Product_61,994.24,2025-01-12,completed,2025-01
1021.0,350.0,Product_1,208.12,2025-03-13,completed,2025-03
1022.0,294.0,Product_5,874.26,2024-06-25,cancelled,2024-06
,208.0,Product_62,537.54,2025-10-17,refunded,2025-10
1024.0,481.0,Product_58,603.84,2025-08-20,completed,2025-08
1025.0,468.0,Product_68,594.36,2024-07-06,pending,2024-07
1026.0,204.0,Product_65,594.59,2024-07-18,cancelled,2024-07
1027.0,224.0,Product_63,436.98,2026-02-23,refunded,2026-02
1028.0,323.0,Product_65,605.22,2024-12-06,completed,2024-12
1029.0,202.0,Product_61,696.115,2024-12-02,completed,2024-12
1030.0,426.0,Product_20,758.48,2025-08-28,refunded,2025-08
1031.0,,Product_5,722.56,2024-05-13,completed,2024-05
1032.0,232.0,Product_33,429.81,2024-03-24,pending,2024-03
1033.0,,Product_4,637.58,2024-04-12,refunded,2024-04
1034.0,491.0,Product_36,903.73,2024-07-29,cancelled,2024-07
1035.0,90.0,Product_31,718.47,2025-11-15,refunded,2025-11
1036.0,412.0,Product_56,530.74,2024-05-27,completed,2024-05
1037.0,137.0,Product_48,509.2,2025-04-23,completed,2025-04
1038.0,140.0,Product_55,898.46,2025-07-20,pending,2025-07
1039.0,402.0,Product_34,804.63,2024-08-14,completed,2024-08
1040.0,151.0,Product_51,993.4,2024-12-03,cancelled,2024-12
1041.0,209.0,Product_46,496.96,2024-10-03,completed,2024-10
1042.0,494.0,Product_62,598.98,2025-09-11,pending,2025-09
1043.0,129.0,Product_66,51.61,2024-08-09,completed,2024-08
1044.0,418.0,Product_56,972.82,2025-05-08,completed,2025-05
1045.0,438.0,Product_15,982.88,2024-10-27,completed,2024-10
1046.0,156.0,Product_37,994.2,2025-03-11,completed,2025-03
1047.0,40.0,Product_47,528.77,2025-07-03,completed,2025-07
1048.0,458.0,Product_46,941.13,2025-03-11,completed,2025-03
1049.0,315.0,Product_64,578.2,2025-06-27,completed,2025-06
1050.0,307.0,Product_37,565.88,2024-06-24,completed,2024-06
1051.0,194.0,Product_19,619.64,2025-07-09,refunded,2025-07
1052.0,356.0,Product_66,173.44,2024-08-09,pending,2024-08
1053.0,7.0,Product_3,730.63,2024-05-31,pending,2024-05
1054.0,233.0,Product_55,158.47,2026-02-06,completed,2026-02
1055.0,461.0,Product_38,755.8,2024-04-05,pending,2024-04
1056.0,203.0,Product_31,706.07,2024-04-04,completed,2024-04
1057.0,,Product_27,476.58500000000004,2025-10-18,cancelled,2025-10
1058.0,537.0,Product_18,397.56,2025-12-27,completed,2025-12
1059.0,490.0,Product_26,791.66,2024-08-30,completed,2024-08
1060.0,107.0,Product_28,892.5,2024-11-03,cancelled,2024-11
1061.0,313.0,Product_38,381.42,2025-04-06,pending,2025-04
1062.0,5.0,Product_68,830.79,2025-08-19,completed,2025-08
1063.0,360.0,Product_7,267.52,2025-03-26,refunded,2025-03
1064.0,455.0,Product_27,490.36,2025-01-24,completed,2025-01
1065.0,248.0,Product_53,278.6,2024-08-10,cancelled,2024-08
1066.0,219.0,Product_44,993.62,2024-03-04,cancelled,2024-03
1067.0,146.0,Product_38,121.62,2025-09-19,completed,2025-09
1068.0,265.0,Product_52,196.9,2024-10-14,completed,2024-10
1069.0,323.0,Product_52,42.04,2025-08-03,completed,2025-08
1070.0,415.0,Product_39,413.06,2026-01-07,completed,2026-01
1071.0,219.0,Product_5,46.67,2024-09-30,completed,2024-09
1072.0,546.0,Product_6,372.34,2025-06-30,refunded,2025-06
1073.0,267.0,Product_32,889.2,2025-07-30,pending,2025-07
1074.0,54.0,Product_23,118.51,2025-01-18,completed,2025-01
1075.0,373.0,Product_57,871.41,2024-08-17,completed,2024-08
1076.0,483.0,Product_3,400.67,2025-10-20,cancelled,2025-10
1077.0,42.0,Product_13,401.19,2024-03-23,refunded,2024-03
1078.0,423.0,Product_40,902.81,2024-11-24,completed,2024-11
1079.0,388.0,Product_68,552.08,2024-07-03,cancelled,2024-07
1080.0,493.0,Product_66,130.66,2025-03-22,cancelled,2025-03
1081.0,251.0,Product_54,359.94,2025-03-15,completed,2025-03
1082.0,315.0,Product_49,701.34,2025-05-04,completed,2025-05
1083.0,86.0,Product_27,955.89,2025-12-28,completed,2025-12
1084.0,32.0,Product_5,794.54,2024-11-02,pending,2024-11
1085.0,,Product_38,473.56,2026-01-06,cancelled,2026-01
1086.0,,Product_41,327.21,2025-08-29,completed,2025-08
1087.0,138.0,Product_58,404.55,2025-01-12,refunded,2025-01
1088.0,107.0,Product_30,523.9,2024-12-08,completed,2024-12
1089.0,10.0,Product_27,32.67,2024-04-09,cancelled,2024-04
1090.0,394.0,Product_58,437.72,2024-06-09,completed,2024-06
1091.0,95.0,Product_48,307.77,2025-08-04,pending,2025-08
1092.0,,Product_4,171.66,2025-06-17,refunded,2025-06
1093.0,,Product_52,994.41,2025-01-05,refunded,2025-01
1094.0,241.0,Product_53,669.43,2025-09-19,cancelled,2025-09
1095.0,66.0,Product_35,677.2,2024-12-30,refunded,2024-12
1096.0,441.0,Product_23,582.35,2024-05-24,pending,2024-05
1097.0,295.0,Product_25,388.34,2025-12-03,refunded,2025-12
1098.0,358.0,Product_39,678.95,2025-08-31,completed,2025-08
1099.0,275.0,Product_5,410.55,2025-03-12,pending,2025-03
1100.0,348.0,Product_53,157.29,2024-08-04,completed,2024-08
1101.0,438.0,Product_39,561.25,2025-11-28,completed,2025-11
1102.0,349.0,Product_34,606.81,2026-02-15,cancelled,2026-02
1103.0,306.0,Product_21,587.19,2025-03-20,completed,2025-03
1104.0,322.0,Product_9,435.87,2024-08-22,completed,2024-08
1105.0,65.0,Product_11,770.75,2025-06-09,cancelled,2025-06
1106.0,95.0,Product_15,467.79,2024-07-11,completed,2024-07
1107.0,340.0,Product_36,611.56,2026-01-16,cancelled,2026-01
1108.0,134.0,Product_25,898.84,2024-09-04,cancelled,2024-09
,74.0,Product_24,528.47,2026-02-14,refunded,2026-02
1110.0,164.0,Product_37,874.63,2024-08-28,completed,2024-08
1111.0,332.0,Product_35,627.68,2024-10-02,cancelled,2024-10
1112.0,150.0,Product_69,453.99,2024-11-02,cancelled,2024-11
1113.0,85.0,Product_43,185.14,2025-08-04,refunded,2025-08
1114.0,393.0,Product_12,589.73,2025-01-06,refunded,2025-01
,112.0,Product_2,415.07,2024-10-04,completed,2024-10
1116.0,335.0,Product_23,559.44,2024-11-12,refunded,2024-11
1117.0,20.0,Product_40,36.97,2025-08-22,completed,2025-08
1118.0,433.0,Product_65,357.16,2024-08-02,pending,2024-08
1119.0,240.0,Product_9,551.06,2024-06-17,cancelled,2024-06
1120.0,540.0,Product_29,307.15,2024-07-08,pending,2024-07
1121.0,186.0,Product_13,207.89,2025-01-18,completed,2025-01
1122.0,220.0,Product_56,367.66,2025-06-08,pending,2025-06
1123.0,225.0,Product_51,912.31,2025-12-07,completed,2025-12
1124.0,447.0,Product_57,233.26,2025-08-12,refunded,2025-08
1125.0,476.0,Product_49,97.47,2026-01-28,pending,2026-01
1126.0,13.0,Product_67,781.9,2024-05-19,completed,2024-05
1127.0,521.0,Product_7,196.71,2025-04-21,cancelled,2025-04
1128.0,23.0,Product_12,411.0,2024-12-09,completed,2024-12
1129.0,264.0,Product_50,613.23,2024-05-27,cancelled,2024-05
1130.0,325.0,Product_59,190.59,2025-04-10,completed,2025-04
1131.0,227.0,Product_57,645.12,2025-10-29,completed,2025-10
1132.0,,Product_69,661.61,2024-05-11,completed,2024-05
1133.0,406.0,Product_25,948.87,2024-04-23,pending,2024-04
1134.0,57.0,Product_5,150.19,2026-01-14,cancelled,2026-01
1135.0,452.0,Product_10,522.6,2025-04-09,completed,2025-04
1136.0,500.0,Product_63,383.79,2024-03-06,pending,2024-03
1137.0,164.0,Product_10,259.86,2025-07-30,completed,2025-07
1138.0,250.0,Product_19,167.56,2024-03-21,completed,2024-03
1139.0,70.0,Product_25,482.76,2024-11-23,cancelled,2024-11
1140.0,148.0,Product_64,170.17,2024-11-11,completed,2024-11
1141.0,439.0,Product_47,570.08,2025-12-08,completed,2025-12
1142.0,290.0,Product_2,706.25,2025-09-28,completed,2025-09
1143.0,88.0,Product_25,74.26,2024-10-11,completed,2024-10
1144.0,169.0,Product_61,673.22,2024-07-24,cancelled,2024-07
1145.0,107.0,Product_24,270.25,2026-01-08,completed,2026-01
1146.0,450.0,Product_24,295.405,2024-05-12,completed,2024-05
1147.0,150.0,Product_27,404.24,2024-07-25,refunded,2024-07
1148.0,54.0,Product_29,287.34,2024-08-16,refunded,2024-08
1149.0,409.0,Product_22,643.23,2024-11-23,completed,2024-11
1150.0,267.0,Product_43,20.03,2024-12-01,completed,2024-12
1151.0,312.0,Product_42,569.55,2025-12-12,pending,2025-12
1152.0,2.0,Product_49,253.89,2025-08-13,completed,2025-08
,273.0,Product_21,591.56,2026-02-04,cancelled,2026-02
1154.0,253.0,Product_57,666.73,2024-03-28,completed,2024-03
1155.0,249.0,Product_32,76.74,2025-11-10,completed,2025-11
1156.0,268.0,Product_6,384.43,2025-11-18,cancelled,2025-11
1157.0,438.0,Product_13,181.76,2026-02-28,completed,2026-02
1158.0,547.0,Product_45,940.3,2024-06-05,cancelled,2024-06
1159.0,249.0,Product_43,632.46,2024-04-14,completed,2024-04
1160.0,386.0,Product_69,629.73,2024-10-01,completed,2024-10
1161.0,290.0,Product_61,828.06,2025-10-17,completed,2025-10
1162.0,,Product_7,112.7,2025-11-19,pending,2025-11
1163.0,547.0,Product_14,524.52,2024-10-08,pending,2024-10
1164.0,187.0,Product_66,444.09,2025-07-18,completed,2025-07
1165.0,104.0,Product_47,916.12,2026-01-28,completed,2026-01
1166.0,403.0,Product_21,516.705,2024-09-29,completed,2024-09
1167.0,11.0,Product_31,402.58,2024-03-22,completed,2024-03
1168.0,447.0,Product_32,413.8,2024-06-19,completed,2024-06
1169.0,31.0,Product_42,656.815,2024-09-26,pending,2024-09
1170.0,13.0,Product_48,358.0,2024-07-02,pending,2024-07
1171.0,290.0,Product_53,555.91,2024-11-20,pending,2024-11
1172.0,259.0,Product_51,772.36,2025-04-10,refunded,2025-04
1173.0,381.0,Product_27,937.14,2024-04-12,pending,2024-04
1174.0,438.0,Product_20,896.28,2024-04-05,pending,2024-04
1175.0,22.0,Product_39,612.88,2025-07-28,completed,2025-07
1176.0,158.0,Product_26,804.92,2024-05-20,completed,2024-05
1177.0,273.0,Product_54,76.39,2024-10-31,pending,2024-10
1178.0,397.0,Product_41,372.2,2024-05-24,completed,2024-05
1179.0,490.0,Product_58,191.36,2025-05-22,cancelled,2025-05
1180.0,441.0,Product_45,197.74,2024-04-09,cancelled,2024-04
1181.0,253.0,Product_43,529.68,2024-10-26,completed,2024-10
1182.0,436.0,Product_39,837.96,2025-12-03,completed,2025-12
1183.0,120.0,Product_28,252.07,2024-06-26,pending,2024-06
1184.0,3.0,Product_16,61.13,2024-05-28,completed,2024-05
1185.0,45.0,Product_55,943.01,2024-11-02,completed,2024-11
1186.0,422.0,Product_24,164.52,2024-10-03,refunded,2024-10
,114.0,Product_16,790.82,2025-11-15,pending,2025-11
1188.0,17.0,Product_64,140.86,2025-01-27,completed,2025-01
1189.0,287.0,Product_23,810.68,2025-03-13,completed,2025-03
1190.0,535.0,Product_1,50.38,2025-06-07,pending,2025-06
1191.0,428.0,Product_14,163.65,2025-02-27,completed,2025-02
1192.0,530.0,Product_19,99.35,2025-10-14,completed,2025-10
1193.0,22.0,Product_63,462.62,2024-08-24,pending,2024-08
1194.0,48.0,Product_45,840.87,2024-03-25,completed,2024-03
1195.0,473.0,Product_2,995.05,2025-10-21,pending,2025-10
1196.0,47.0,Product_69,453.99,2025-07-25,refunded,2025-07
1197.0,425.0,Product_11,952.53,2025-12-25,completed,2025-12
1198.0,442.0,Product_2,131.99,2024-07-17,pending,2024-07
1199.0,209.0,Product_34,525.58,2024-08-07,refunded,2024-08
1200.0,162.0,Product_21,942.15,2024-10-26,completed,2024-10
